year,committed,committed_plus_advanced,full
2025,12.362,12.362,12.362
2026,29.6688,29.6688,29.6688
2027,44.99768,44.99768,44.99768
2028,52.52084,52.52084,52.52084
2029,57.525330800000006,57.525330800000006,57.525330800000006
2030,59.3663858,59.3663858,59.3663858
2031,59.3663858,59.3663858,59.3663858
2032,59.3663858,76.3199858,76.3199858
2033,59.3663858,89.03518580000001,89.03518580000001
2034,59.3663858,94.9265618,94.9265618
2035,59.3663858,114.7057618,170.47055337894736
2036,59.3663858,129.54016180000002,227.12854706315792
2037,59.3663858,136.4134338,253.38008413684213
2038,59.3663858,136.4134338,253.38008413684213
2039,59.3663858,136.4134338,253.38008413684213
2040,59.3663858,136.4134338,253.38008413684213
2041,59.3663858,136.4134338,253.38008413684213
2042,59.3663858,136.4134338,253.38008413684213
2043,59.3663858,136.4134338,253.38008413684213
2044,59.3663858,136.4134338,253.38008413684213
2045,59.3663858,136.4134338,253.38008413684213
2046,59.3663858,136.4134338,253.38008413684213
2047,59.3663858,136.4134338,253.38008413684213
2048,59.3663858,136.4134338,253.38008413684213
2049,59.3663858,136.4134338,253.38008413684213
2050,59.3663858,136.4134338,253.38008413684213
2051,59.3663858,136.4134338,253.38008413684213
2052,59.3663858,136.4134338,253.38008413684213
2053,59.3663858,136.4134338,224.0989841368421
2054,59.3663858,136.4134338,224.0989841368421
2055,59.3663858,136.4134338,224.0989841368421
2056,59.3663858,136.4134338,224.0989841368421
2057,17.3355858,52.8957618,140.58131213684212
2058,11.112555,46.672731,134.3582813368421
2059,11.112555,46.672731,134.3582813368421
2060,11.112555,46.672731,134.3582813368421
2061,11.112555,46.672731,134.3582813368421
2062,11.112555,46.672731,134.3582813368421
2063,11.112555,46.672731,134.3582813368421
2064,11.112555,11.112555,98.7981053368421
2065,11.112555,11.112555,90.79706573684211
2066,11.112555,11.112555,90.79706573684211
2067,0.0,0.0,79.6845107368421
2068,0.0,0.0,79.6845107368421
2069,0.0,0.0,79.6845107368421
