year,can_mtco2e,bunk_mtco2e,for_mtco2e,total_mtco2e,canada_pathway_mtco2e,total_minus_pathway_mtco2e,can_minus_pathway_mtco2e
2025,2.2435,0.42,9.698500000000001,12.362000000000002,636.0,-623.638,-633.7565
2026,5.3844,1.008,23.276400000000002,29.668800000000005,607.0,-577.3312,-601.6156
2027,8.16634,1.5288,35.30254,44.99768,569.0,-524.00232,-560.83366
2028,9.53167,1.7843999999999998,41.204769999999996,52.52083999999999,531.0,-478.47916,-521.46833
2029,10.439902899999998,1.9544279999999998,45.13099989999999,57.52533079999999,493.0,-435.4746692,-482.5600971
2030,10.774024149999999,2.016978,46.57538364999999,59.36638579999999,455.0,-395.6336142,-444.22597585
2031,14.36362415,2.6889779999999996,62.092983649999994,79.14558579999999,447.4,-368.2544142,-433.03637584999996
2032,20.132624149999998,3.7689779999999997,87.03198364999999,110.93358579999999,439.8,-328.8664142,-419.66737585
2033,23.687610149999998,4.434498,102.39994965,130.5220578,432.2,-301.67794219999996,-408.51238985
2034,24.756798149999998,4.634658,107.02197765,136.4134338,424.6,-288.1865662,-399.84320185
2035,34.93587815,6.216889578947368,151.02545765000002,192.1782253789474,417.0,-224.8217746210526,-382.06412185
2036,42.57018815,7.403563263157895,184.02806765,234.00181906315788,389.2,-155.1981809368421,-346.62981185
2037,46.10741845,7.953388736842104,199.31927695000002,253.38008413684213,361.4,-108.01991586315785,-315.29258154999997
2038,46.10741845,7.953388736842104,199.31927695000002,253.38008413684213,333.6,-80.2199158631579,-287.49258155
2039,46.10741845,7.953388736842104,199.31927695000002,253.38008413684213,305.8,-52.41991586315788,-259.69258155
2040,46.10741845,7.953388736842104,199.31927695000002,253.38008413684213,278.0,-24.61991586315787,-231.89258155
2041,46.10741845,7.953388736842104,199.31927695000002,253.38008413684213,250.2,3.18008413684214,-204.09258154999998
2042,46.10741845,7.953388736842104,199.31927695000002,253.38008413684213,222.4,30.980084136842123,-176.29258155000002
2043,46.10741845,7.953388736842104,199.31927695000002,253.38008413684213,194.6,58.780084136842135,-148.49258155
2044,46.10741845,7.953388736842104,199.31927695000002,253.38008413684213,166.8,86.58008413684212,-120.69258155000001
2045,46.10741845,7.953388736842104,199.31927695000002,253.38008413684213,139.0,114.38008413684213,-92.89258155
2046,46.10741845,7.953388736842104,199.31927695000002,253.38008413684213,111.20000000000005,142.18008413684208,-65.09258155000005
2047,46.10741845,7.953388736842104,199.31927695000002,253.38008413684213,83.39999999999998,169.98008413684215,-37.29258154999998
2048,46.10741845,7.953388736842104,199.31927695000002,253.38008413684213,55.599999999999966,197.78008413684216,-9.492581549999969
2049,46.10741845,7.953388736842104,199.31927695000002,253.38008413684213,27.80000000000001,225.58008413684212,18.307418449999986
2050,46.10741845,7.953388736842104,199.31927695000002,253.38008413684213,0.0,253.38008413684213,46.10741845
2051,46.10741845,7.953388736842104,199.31927695000002,253.38008413684213,0.0,253.38008413684213,46.10741845
2052,46.10741845,7.953388736842104,199.31927695000002,253.38008413684213,0.0,253.38008413684213,46.10741845
2053,40.72942845,7.298968736842104,176.07058695,224.09898413684212,0.0,224.09898413684212,40.72942845
2054,40.72942845,7.298968736842104,176.07058695,224.09898413684212,0.0,224.09898413684212,40.72942845
2055,40.72942845,7.298968736842104,176.07058695,224.09898413684212,0.0,224.09898413684212,40.72942845
2056,40.72942845,7.298968736842104,176.07058695,224.09898413684212,0.0,224.09898413684212,40.72942845
2057,25.57234245,4.461448736842105,110.54752094999999,140.5813121368421,0.0,140.5813121368421,25.57234245
2058,24.442964550000003,4.250020736842105,105.66529605,134.3582813368421,0.0,134.3582813368421,24.442964550000003
2059,24.442964550000003,4.250020736842105,105.66529605,134.3582813368421,0.0,134.3582813368421,24.442964550000003
2060,24.442964550000003,4.250020736842105,105.66529605,134.3582813368421,0.0,134.3582813368421,24.442964550000003
2061,24.442964550000003,4.250020736842105,105.66529605,134.3582813368421,0.0,134.3582813368421,24.442964550000003
2062,24.442964550000003,4.250020736842105,105.66529605,134.3582813368421,0.0,134.3582813368421,24.442964550000003
2063,24.442964550000003,4.250020736842105,105.66529605,134.3582813368421,0.0,134.3582813368421,24.442964550000003
2064,17.989376550000003,3.0418607368421053,77.76686805,98.7981053368421,0.0,98.7981053368421,17.989376550000003
2065,16.537319250000003,2.7700247368421054,71.48972175,90.79706573684211,0.0,90.79706573684211,16.537319250000003
2066,16.537319250000003,2.7700247368421054,71.48972175,90.79706573684211,0.0,90.79706573684211,16.537319250000003
2067,14.520573,2.3924747368421055,62.771463,79.6845107368421,0.0,79.6845107368421,14.520573
2068,14.520573,2.3924747368421055,62.771463,79.6845107368421,0.0,79.6845107368421,14.520573
2069,14.520573,2.3924747368421055,62.771463,79.6845107368421,0.0,79.6845107368421,14.520573
