year,emissions_mtco2e,co2_mt,ch4_kt,sc_cad2021_per_t,sc_cad2025_per_t,sc_ch4_cad2021_per_t,sc_ch4_cad2025_per_t,co2_damage_cad,ch4_damage_cad,damage_cad,damage_cad_billion
2025,12.362,11.909916666666666,15.170581655480989,271.0,312.6076567041528,2589.0,2986.4989786238066,3723131140.708401,45306926.61922303,3768438067.3276243,3.7684380673276245
2026,29.6688,28.5838,36.409395973154375,275.0,317.22179185845766,2687.0,3099.5452899042753,9067404254.123783,112852571.79685032,9180256825.920633,9.180256825920633
2027,44.99768,43.35209666666666,55.22091722595079,280.0,322.9894608013387,2783.0,3210.284533607591,14002270326.974178,177274856.50209484,14179545183.476273,14.179545183476273
2028,52.52084,50.60013166666666,64.45329977628637,285.0,328.75712974421975,2880.0,3322.1773110994836,16635154051.412935,214125290.14227197,16849279341.555206,16.849279341555206
2029,57.5253308,55.42160621666666,70.59478467561523,289.0,333.37126489852454,2976.0,3432.9165548027995,18475970967.158096,242346004.9956585,18718316972.153755,18.718316972153755
2030,59.3663858,57.19533309166666,72.85411772930651,294.0,339.1389338414056,3073.0,3544.809332294692,19397164285.411896,258253956.42294186,19655418241.83484,19.655418241834838
2031,79.14558579999999,76.25119975833333,97.12704837807608,299.0,344.9066027842867,3184.0,3672.8515828266513,26299542266.872772,356733233.3706975,26656275500.24347,26.65627550024347
2032,110.9335858,106.87669975833333,136.13711549217007,303.0,349.5207379385915,3297.0,3803.200900935763,37355622967.973946,517756800.29061717,37873379768.264565,37.87337976826456
2033,130.5220578,125.748813425,160.17598573825506,308.0,355.28840688147255,3409.0,3932.3966852562985,44677095589.00378,629875515.3747745,45306971104.37855,45.30697110437855
2034,136.4134338,131.42473942499998,167.40585151006715,313.0,361.0560758243536,3522.0,4062.74600336541,47451700683.02871,680127454.1625087,48131828137.191216,48.131828137191214
2035,192.1782253789474,185.23717135482454,232.92127597727546,317.0,365.6702109786584,3634.0,4191.941787685945,67735715530.40859,976392430.0102715,68712107960.41887,68.71210796041886
2036,234.0018190631579,225.59649530219298,282.05784432768166,322.0,371.4378799215395,3745.0,4319.9840382179045,83795083932.77611,1218485385.3497355,85013569318.12584,85.01356931812585
2037,253.38008413684213,244.296315397807,304.8244543300366,327.0,377.2055488644205,3858.0,4450.333356327016,92149925735.18536,1356570436.929143,93506496172.1145,93.5064961721145
2038,253.38008413684213,244.296315397807,304.8244543300366,331.0,381.81968401872535,3971.0,4580.682674436128,93277141952.12953,1396304096.6940453,94673446048.82358,94.67344604882358
2039,253.38008413684213,244.296315397807,304.8244543300366,336.0,387.5873529616064,4083.0,4709.878458756663,94686162223.30975,1435686131.1512935,96121848354.46104,96.12184835446105
2040,253.38008413684213,244.296315397807,304.8244543300366,341.0,393.35502190448744,4194.0,4837.920709288623,96095182494.48994,1474716540.300888,97569899034.79083,97.56989903479084
2041,253.38008413684213,244.296315397807,304.8244543300366,347.0,400.27622463594474,4316.0,4978.651831494921,97786006819.9062,1517614827.8346765,99303621647.74088,99.30362164774087
2042,253.38008413684213,244.296315397807,304.8244543300366,352.0,406.04389357882576,4439.0,5120.536487489794,99195027091.0864,1560864740.6761186,100755891831.76251,100.75589183176251
2043,253.38008413684213,244.296315397807,304.8244543300366,357.0,411.81156252170683,4560.0,5260.114075907516,100604047362.2666,1603411402.9022532,102207458765.16885,102.20745876516885
2044,253.38008413684213,244.296315397807,304.8244543300366,362.0,417.57923146458785,4682.0,5400.845198113813,102013067633.44681,1646309690.4360416,103659377323.88284,103.65937732388284
2045,253.38008413684213,244.296315397807,304.8244543300366,367.0,423.3469004074689,4803.0,5540.422786531534,103422087904.62701,1688856352.6621757,105110944257.28918,105.11094425728919
2046,253.38008413684213,244.296315397807,304.8244543300366,372.0,429.11456935034994,4924.0,5680.000374949256,104831108175.8072,1731403014.8883102,106562511190.69553,106.56251119069553
2047,253.38008413684213,244.296315397807,304.8244543300366,379.0,437.1893058703834,5046.0,5820.731497155553,106803736555.45949,1774301302.4220984,108578037857.88159,108.5780378578816
2048,253.38008413684213,244.296315397807,304.8244543300366,384.0,442.9569748132645,5167.0,5960.309085573275,108212756826.63971,1816847964.648233,110029604791.28793,110.02960479128794
2049,253.38008413684213,244.296315397807,304.8244543300366,389.0,448.72464375614555,5289.0,6101.0402077795725,109621777097.81992,1859746252.1820211,111481523350.00194,111.48152335000194
2050,253.38008413684213,244.296315397807,304.8244543300366,394.0,454.49231269902657,5410.0,6240.6177961972935,111030797369.00012,1902292914.4081554,112933090283.40826,112.93309028340826
2051,253.38008413684213,244.296315397807,304.8244543300366,399.0,460.25998164190764,5524.0,6372.120648094981,112439817640.18033,1942378199.480712,114382195839.66104,114.38219583966104
2052,253.38008413684213,244.296315397807,304.8244543300366,403.0,464.8741167962125,5638.0,6503.62349999267,113567033857.1245,1982463484.5532684,115549497341.67776,115.54949734167776
2053,224.09898413684212,215.99125206447366,272.0715460526317,408.0,470.6417857390935,5751.0,6633.972818101782,101654508575.64655,1804915241.0920854,103459423816.73863,103.45942381673864
2054,224.09898413684212,215.99125206447366,272.0715460526317,413.0,476.4094546819746,5864.0,6764.322136210893,102900274612.11281,1840379581.596938,104740654193.70976,104.74065419370976
2055,224.09898413684212,215.99125206447366,272.0715460526317,417.0,481.02358983627937,5978.0,6895.824988108581,103896887441.28581,1876157765.823072,105773045207.10889,105.7730452071089
2056,224.09898413684212,215.99125206447366,272.0715460526317,422.0,486.79125877916044,6091.0,7026.174306217693,105142653477.75208,1911622106.3279243,107054275584.07999,107.05427558407999
2057,140.58131213684212,135.52785506447367,169.5790963882021,427.0,492.5589277220415,6204.0,7156.523624326805,66755454967.025406,1213596809.4941607,67969051776.51956,67.96905177651956
2058,134.3582813368421,129.5324030144737,161.94222558283298,432.0,498.32659666492253,6318.0,7288.026476224492,64549441552.031815,1180239227.666406,65729680779.69823,65.72968077969823
2059,134.3582813368421,129.5324030144737,161.94222558283298,436.0,502.9407318192274,6431.0,7418.375794333604,65147121566.40248,1201348286.3442001,66348469852.74668,66.34846985274667
2060,134.3582813368421,129.5324030144737,161.94222558283298,441.0,508.70840076210845,6545.0,7549.878646231292,65894221584.365814,1222644150.8510015,67116865735.21681,67.1168657352168
2061,134.3582813368421,129.5324030144737,161.94222558283298,445.0,513.3225359164132,6648.0,7668.692626454641,66491901598.736465,1241885151.2387252,67733786749.97519,67.7337867499752
2062,134.3582813368421,129.5324030144737,161.94222558283298,449.0,517.9366710707181,6752.0,7788.660140466567,67089581613.10715,1261312957.4554563,68350894570.56261,68.3508945705626
2063,134.3582813368421,129.5324030144737,161.94222558283298,453.0,522.5508062250229,6855.0,7907.474120689917,67687261627.477806,1280553957.8431802,68967815585.32098,68.96781558532098
2064,98.7981053368421,95.27267701447369,118.30296383786651,457.0,527.1649413793277,6959.0,8027.441634701842,50224415193.38664,949670137.420716,51174085330.80736,51.17408533080736
2065,90.79706573684211,87.56423866447368,108.48412994524907,460.0,530.6255427450565,7063.0,8147.409148713768,46463821666.394,883864592.8061755,47347686259.20018,47.34768625920018
2066,90.79706573684211,87.56423866447368,108.48412994524907,464.0,535.2396778993613,7166.0,8266.223128937118,46867854898.27569,896754024.0760375,47764608922.35173,47.764608922351734
2067,79.6845107368421,76.85807428947368,94.84686064994705,468.0,539.853813053666,7270.0,8386.190642949045,41492124469.1343,795403855.2956778,42287528324.42998,42.28752832442998
2068,79.6845107368421,76.85807428947368,94.84686064994705,472.0,544.467948207971,7372.0,8503.851089383817,41846758011.60554,806563579.2626872,42653321590.868225,42.653321590868224
2069,79.6845107368421,76.85807428947368,94.84686064994705,476.0,549.0820833622757,7476.0,8623.818603395743,42201391554.07677,817942121.3466969,43019333675.42346,43.01933367542346
