build_out,metric,median,p05,p95,n_draws,seed
committed,lifetime_mtco2e,3072.366847802544,2924.7117773109876,3240.998478182359,10000,20260828
committed,lifetime_co2_only_mt,2915.5911548738904,2790.6453583132393,3062.678646250005,10000,20260828
committed,lifetime_ch4_kt,5066.0005764546295,3406.657890899329,7593.470684703234,10000,20260828
committed,peak_mtco2e_yr,104.42100742113377,99.40263169474726,110.1523167339923,10000,20260828
committed,central_damage_cad_billion,1230.529558778922,1176.0601961242157,1293.2581122404663,10000,20260828
committed_plus_advanced,lifetime_mtco2e,4225.182756503668,4022.124434156039,4457.088480063828,10000,20260828
committed_plus_advanced,lifetime_co2_only_mt,4009.581564583883,3837.7535078193528,4211.859340333298,10000,20260828
committed_plus_advanced,lifetime_ch4_kt,6966.869303183354,4684.906748108506,10442.698736308646,10000,20260828
committed_plus_advanced,peak_mtco2e_yr,141.23914778657888,134.45132674967678,148.99127796652186,10000,20260828
committed_plus_advanced,central_damage_cad_billion,1723.3816824666399,1646.9690783780952,1811.366266829438,10000,20260828
full,lifetime_mtco2e,7759.567724310722,7075.497703674224,8481.043325848741,10000,20260828
full,lifetime_co2_only_mt,7377.983917648977,6741.232324588888,8032.340680805335,10000,20260828
full,lifetime_ch4_kt,12587.197873204794,8353.407655599109,19018.81546931419,10000,20260828
full,peak_mtco2e_yr,262.15201150144685,249.75639708990454,276.3526548391058,10000,20260828
full,central_damage_cad_billion,3303.468407353381,2971.662246639724,3658.5847255177787,10000,20260828
