project_id,lifespan_years,emissions_mtco2e,case
lng_canada_phase_1,32,1302.9548,central
cedar_lng,39,425.734035,central
woodfibre_lng,31,188.62681320000002,central
lng_canada_phase_2,26,1050.0777280000002,central
ksi_lisims_lng,32,1113.42768,central
marinvest_baie_comeau,40,1513.9537831578948,central
summit_lake_pg_lng,35,234.5191488,central
fermeuse_energy_flng,23,506.8876,central
kanata_lng,40,1220.1082079999999,central
lng_canada_phase_1,40,1639.2012,uniform_40yr_no_licence_stop
cedar_lng,40,436.84659,uniform_40yr_no_licence_stop
woodfibre_lng,40,244.6340904,uniform_40yr_no_licence_stop
lng_canada_phase_2,40,1630.8939360000002,uniform_40yr_no_licence_stop
ksi_lisims_lng,40,1397.9090879999999,uniform_40yr_no_licence_stop
marinvest_baie_comeau,40,1513.9537831578948,uniform_40yr_no_licence_stop
summit_lake_pg_lng,40,274.5243468,uniform_40yr_no_licence_stop
fermeuse_energy_flng,40,1004.6663000000001,uniform_40yr_no_licence_stop
kanata_lng,40,1220.1082079999999,uniform_40yr_no_licence_stop
